<!-- [ Mirror metadata ] generatedAt: 1465894095349 -->
<!-- Generated screen file. Fill the id tags below with content with
which to populate your previewed layout. For a complete specification
of sample data, please see http://jimulabs.com/sample-data-specifications/ 

Valid attributes on <screen> tag: theme="@style/someTheme" inEditMode="false" overlay="@drawable/mockup" -->
<screen>
    <_content layout="@layout/activity_detail">
        <statusBar>
            <!-- Replace this FrameLayout with a fragment like so:
            <_content layout="@layout/my_fragment_layout">
                <my_text_view>TextView in fragment</my_text_view>
            </_content>
            -->
        </statusBar>
        <!-- ImageView Examples:
        <imageViewImageImageDetail src="@drawable/image_resource" />
        <imageViewImageImageDetail src="relative_path/image.jpg" /> -->
        <imageViewImageImageDetail />
        <!-- TextView Examples:
        <textViewDetailTitle text="@string/string_resource" />
        <textViewDetailTitle text="Text literal" textSize="14sp" /> -->
        <textViewDetailTitle />
        <textViewDetailPrice />
        <webViewDetail url="http://www.google.com" />
    </_content>
</screen>
