<!-- [ Mirror metadata ] generatedAt: 1465894095367 -->
<!-- Generated screen file. Fill the id tags below with content with
which to populate your previewed layout. For a complete specification
of sample data, please see http://jimulabs.com/sample-data-specifications/ 

Valid attributes on <screen> tag: theme="@style/someTheme" inEditMode="false" overlay="@drawable/mockup" -->
<screen>
    <_content layout="@layout/edit_profile">
        <statusBar1>
            <!-- Replace this FrameLayout with a fragment like so:
            <_content layout="@layout/my_fragment_layout">
                <my_text_view>TextView in fragment</my_text_view>
            </_content>
            -->
        </statusBar1>
        <!-- ImageView Examples:
        <cover_edit_profile src="@drawable/image_resource" />
        <cover_edit_profile src="relative_path/image.jpg" /> -->
        <cover_edit_profile />
    </_content>
</screen>
