<!-- [ Mirror metadata ] generatedAt: 1465894095381 -->
<!-- Generated screen file. Fill the id tags below with content with
which to populate your previewed layout. For a complete specification
of sample data, please see http://jimulabs.com/sample-data-specifications/ 

Valid attributes on <screen> tag: theme="@style/someTheme" inEditMode="false" overlay="@drawable/mockup" -->
<screen>
    <_content layout="@layout/item_post">
        <!-- ImageView Examples:
        <imageViewImage src="@drawable/image_resource" />
        <imageViewImage src="relative_path/image.jpg" /> -->
        <imageViewImage />
        <!-- TextView Examples:
        <textViewItemTitle text="@string/string_resource" />
        <textViewItemTitle text="Text literal" textSize="14sp" /> -->
        <textViewItemTitle />
        <textViewItemContent />
    </_content>
</screen>
